-- POVOAMENTO DA BASE DE DADOS

-- Indicar a base de dados de trabalho
USE AgenciaDeteta;

-- Desativação do modo de segurança
SET sql_safe_updates=0;

-- Remoção dos registos das tabelas, apenas para assegurar que temos uma base de dados vazia.
DELETE FROM Caso_por_Detetive;
DELETE FROM Pagamento;
DELETE FROM Detetive;
DELETE FROM Departamento;
DELETE FROM Caso;
DELETE FROM Cliente;
DELETE FROM Escritório;


-- Povoamento da tabela "Escritório"
INSERT INTO Escritório (idEscritorio, nome, telefone, cod_postal, rua, localidade, porta)
	VALUES 
		('1', 'Alpha', '00351111111111', '4710111', 'Rua do Caires', 'Braga', '10'),
        ('2', 'Beta', '00351222222222', '4940222', 'Rua 25 de Abril', 'Paredes de Coura', '20'),
        ('3', 'Gamma', '00351333333333', '8200333', 'Rua da Oura', 'Albufeira', '30'),
        ('4', 'Delta', '00351444444444', '4830444', 'Av. dos Bombeiros Voluntários', 'Póvoa de Lanhoso', '40'),
        ('5', 'Epsilon', '00351555555555', '4610555', 'Rua São Martinho', 'Felgueiras', '50'),
        ('6', 'Zeta', '00351666666666', '1500666', 'Av. Eusébio de Silva Ferreira', 'Lisboa', '60'),
        ('7', 'Eta', '00351777777777', '4990777', 'Avenida dos Plátanos', 'Ponte de Lima', '70'),
        ('8', 'Theta', '00351888888888', '4905888', 'Rua Direita', 'Barcelos', '80'),
        ('9', 'Iota', '00351999999999', '4815999', 'Avenida da Liberdade', 'Guimarães', '90')
        ;


-- Povoamento da tabela "Departamento"
INSERT INTO Departamento (idDepartamento, tipo, escritorio)
	VALUES
		('1', 'Homicídios', '1'),
        ('2', 'Homicídios', '2'),
        ('3', 'Homicídios', '3'),
        ('4', 'Homicídios', '4'),
        ('5', 'Homicídios', '5'),
        ('6', 'Homicídios', '6'),
        ('7', 'Homicídios', '7'),
        ('8', 'Homicídios', '8'),
        ('9', 'Homicídios', '9'),
        ('10', 'Roubos', '1'),
        ('11', 'Roubos', '2'),
        ('12', 'Roubos', '3'),
        ('13', 'Roubos', '4'),
        ('14', 'Roubos', '5'),
        ('15', 'Roubos', '6'),
        ('16', 'Roubos', '7'),
        ('17', 'Roubos', '8'),
        ('18', 'Roubos', '9'),
        ('19', 'Sequestros', '1'),
        ('20', 'Sequestros', '2'),
        ('21', 'Sequestros', '3'),
        ('22', 'Sequestros', '4'),
        ('23', 'Sequestros', '5'),
        ('24', 'Sequestros', '6'),
        ('25', 'Sequestros', '7'),
        ('26', 'Sequestros', '8'),
        ('27', 'Sequestros', '9')
        ;


-- Povoamento da tabela "Detetive"
INSERT INTO Detetive (idDetetive, nome, telefone, dta_nascimento, cod_postal, rua, localidade, porta, estado, departamento)
	VALUES 
		(1, 'João Silva', '912345678', '1980-01-15', 1000001, 'Rua das Flores', 'Lisboa', 1, 'No Ativo', 1),
		(2, 'Maria Ferreira', '913456789', '1985-02-20', 1000002, 'Avenida da Liberdade', 'Lisboa', 2, 'No Ativo', 1),
		(3, 'Pedro Santos', '914567890', '1990-03-25', 1000003, 'Travessa do Carmo', 'Lisboa', 3, 'No Ativo', 1),
		(4, 'Ana Costa', '915678901', '1978-04-30', 2000001, 'Rua do Sol', 'Porto', 4, 'No Ativo', 2),
		(5, 'Rui Carvalho', '916789012', '1982-05-10', 2000002, 'Avenida dos Aliados', 'Porto', 5, 'No Ativo', 2),
		(6, 'Carla Mendes', '917890123', '1992-06-15', 2000003, 'Praça da Batalha', 'Porto', 6, 'No Ativo', 2),
		(7, 'Luís Almeida', '918901234', '1983-07-20', 3000001, 'Rua das Amoreiras', 'Coimbra', 7, 'No Ativo', 3),
		(8, 'Helena Marques', '919012345', '1987-08-25', 3000002, 'Avenida Sá da Bandeira', 'Coimbra', 8, 'No Ativo', 3),
		(9, 'Bruno Lopes', '920123456', '1993-09-30', 3000003, 'Largo da Portagem', 'Coimbra', 9, 'No Ativo', 3),
		(10, 'Marta Rodrigues', '921234567', '1984-10-05', 4000001, 'Rua da Saudade', 'Faro', 10, 'No Ativo', 4),
		(11, 'Tiago Nunes', '922345678', '1989-11-10', 4000002, 'Avenida 5 de Outubro', 'Faro', 11, 'No Ativo', 4),
		(12, 'Patrícia Gomes', '923456789', '1994-12-15', 4000003, 'Praça do Município', 'Faro', 12, 'No Ativo', 4),
		(13, 'Rafael Matos', '924567890', '1977-01-15', 5000001, 'Rua da Alegria', 'Braga', 13, 'No Ativo', 5),
		(14, 'Beatriz Sousa', '925678901', '1981-02-20', 5000002, 'Rua de São Vicente', 'Braga', 14, 'No Ativo', 5),
		(15, 'Carlos Lima', '926789012', '1986-03-25', 5000003, 'Rua do Souto', 'Braga', 15, 'No Ativo', 5),
		(16, 'Andreia Barros', '927890123', '1979-04-30', 6000001, 'Rua das Fontainhas', 'Aveiro', 16, 'No Ativo', 6),
		(17, 'Fernando Costa', '928901234', '1983-05-10', 6000002, 'Rua dos Marnotos', 'Aveiro', 17, 'No Ativo', 6),
		(18, 'Isabel Pinto', '929012345', '1988-06-15', 6000003, 'Praça Marquês de Pombal', 'Aveiro', 18, 'No Ativo', 6),
		(19, 'Ricardo Martins', '930123456', '1980-07-20', 7000001, 'Rua de Santo António', 'Guimarães', 19, 'No Ativo', 7),
		(20, 'Joana Antunes', '931234567', '1984-08-25', 7000002, 'Rua das Trinas', 'Guimarães', 20, 'No Ativo', 7),
		(21, 'Diogo Oliveira', '932345678', '1989-09-30', 7000003, 'Largo do Toural', 'Guimarães', 21, 'No Ativo', 7),
		(22, 'Sara Almeida', '933456789', '1982-10-05', 8000001, 'Rua dos Combatentes', 'Évora', 22, 'No Ativo', 8),
		(23, 'Hugo Marques', '934567890', '1986-11-10', 8000002, 'Rua da Moeda', 'Évora', 23, 'No Ativo', 8),
		(24, 'Inês Ribeiro', '935678901', '1991-12-15', 8000003, 'Praça do Giraldo', 'Évora', 24, 'No Ativo', 8),
		(25, 'Gonçalo Teixeira', '936789012', '1983-01-15', 9000001, 'Rua das Oliveiras', 'Leiria', 25, 'No Ativo', 9),
		(26, 'Clara Silva', '937890123', '1987-02-20', 9000002, 'Rua de São Francisco', 'Leiria', 26, 'No Ativo', 9),
		(27, 'Fábio Rocha', '938901234', '1992-03-25', 9000003, 'Avenida Heróis de Angola', 'Leiria', 27, 'No Ativo', 9),
		(28, 'Sofia Cardoso', '939012345', '1985-04-30', 10000001, 'Rua de São José', 'Setúbal', 28, 'No Ativo', 10),
		(29, 'Miguel Costa', '940123456', '1989-05-10', 10000002, 'Rua Arronches Junqueiro', 'Setúbal', 29, 'No Ativo', 10),
		(30, 'Raquel Moreira', '941234567', '1994-06-15', 10000003, 'Avenida Luísa Todi', 'Setúbal', 30, 'No Ativo', 10),
		(31, 'Eduardo Neves', '942345678', '1981-07-20', 11000001, 'Rua das Janelas Verdes', 'Cascais', 31, 'No Ativo', 11),
		(32, 'Patrícia Sousa', '943456789', '1985-08-25', 11000002, 'Rua Direita', 'Cascais', 32, 'No Ativo', 11),
		(33, 'Rita Fernandes', '944567890', '1990-09-30', 11000003, 'Praça 5 de Outubro', 'Cascais', 33, 'No Ativo', 11),
		(34, 'Marcos Reis', '945678901', '1983-10-05', 12000001, 'Rua da Sé', 'Viseu', 34, 'No Ativo', 12),
		(35, 'Teresa Coelho', '946789012', '1987-11-10', 12000002, 'Rua Direita', 'Viseu', 35, 'No Ativo', 12),
		(36, 'Artur Campos', '947890123', '1992-12-15', 12000003, 'Praça da República', 'Viseu', 36, 'No Ativo', 12),
		(37, 'Filipa Sousa', '948901234', '1980-01-15', 13000001, 'Rua de São Paulo', 'Funchal', 37, 'No Ativo', 13),
		(38, 'Henrique Dias', '949012345', '1984-02-20', 13000002, 'Rua do Aljube', 'Funchal', 38, 'No Ativo', 13),
		(39, 'Lara Martins', '950123456', '1989-03-25', 13000003, 'Largo do Colégio', 'Funchal', 39, 'No Ativo', 13),
		(40, 'José Cardoso', '951234567', '1982-04-30', 14000001, 'Rua de Santo António', 'Ponta Delgada', 40, 'No Ativo', 14),
		(41, 'Susana Oliveira', '952345678', '1986-05-10', 14000002, 'Rua do Mercado', 'Ponta Delgada', 41, 'No Ativo', 14),
		(42, 'Duarte Silva', '953456789', '1991-06-15', 14000003, 'Avenida Infante Dom Henrique', 'Ponta Delgada', 42, 'No Ativo', 14),
		(43, 'Carolina Pinto', '954567890', '1984-07-20', 15000001, 'Rua das Palmeiras', 'Viana do Castelo', 43, 'No Ativo', 15),
		(44, 'Alexandre Gonçalves', '955678901', '1988-08-25', 15000002, 'Rua Grande', 'Viana do Castelo', 44, 'No Ativo', 15),
		(45, 'Leonor Faria', '956789012', '1993-09-30', 15000003, 'Praça da República', 'Viana do Castelo', 45, 'No Ativo', 15),
		(46, 'Francisco Nogueira', '957890123', '1985-10-05', 16000001, 'Rua do Comércio', 'Beja', 46, 'No Ativo', 16),
		(47, 'Daniela Santos', '958901234', '1989-11-10', 16000002, 'Rua da Abegoaria', 'Beja', 47, 'No Ativo', 16),
		(48, 'Vítor Matos', '959012345', '1994-12-15', 16000003, 'Largo de São João', 'Beja', 48, 'No Ativo', 16),
		(49, 'Rita Neves', '960123456', '1981-01-15', 17000001, 'Rua do Montepio', 'Bragança', 49, 'No Ativo', 17),
		(50, 'Manuel Teixeira', '961234567', '1985-02-20', 17000002, 'Avenida João da Cruz', 'Bragança', 50, 'No Ativo', 17),
		(51, 'Luana Rodrigues', '962345678', '1990-03-25', 17000003, 'Praça Cavaleiro de Ferreira', 'Bragança', 51, 'No Ativo', 17),
		(52, 'Cristina Ramos', '963456789', '1983-04-30', 18000001, 'Rua da República', 'Vila Real', 52, 'No Ativo', 18),
		(53, 'Sérgio Ferreira', '964567890', '1987-05-10', 18000002, 'Rua Central', 'Vila Real', 53, 'No Ativo', 18),
		(54, 'Mariana Silva', '965678901', '1992-06-15', 18000003, 'Avenida Carvalho Araújo', 'Vila Real', 54, 'No Ativo', 18),
		(55, 'Luís Pereira', '966789012', '1984-07-20', 19000001, 'Rua de São Pedro', 'Guarda', 55, 'No Ativo', 19),
		(56, 'Fátima Martins', '967890123', '1988-08-25', 19000002, 'Rua Direita', 'Guarda', 56, 'No Ativo', 19),
		(57, 'João Duarte', '968901234', '1993-09-30', 19000003, 'Praça Luís de Camões', 'Guarda', 57, 'No Ativo', 19),
		(58, 'Diana Gomes', '969012345', '1985-10-05', 20000001, 'Rua de São Vicente', 'Portalegre', 58, 'No Ativo', 20),
		(59, 'Miguel Barros', '970123456', '1989-11-10', 20000002, 'Rua de Elvas', 'Portalegre', 59, 'No Ativo', 20),
		(60, 'Catarina Oliveira', '971234567', '1994-12-15', 20000003, 'Praça da República', 'Portalegre', 60, 'No Ativo', 20),
		(61, 'Ricardo Fonseca', '972345678', '1981-01-15', 21000001, 'Rua do Carmo', 'Lamego', 61, 'No Ativo', 21),
		(62, 'Sónia Araújo', '973456789', '1985-02-20', 21000002, 'Rua da Figueira', 'Lamego', 62, 'No Ativo', 21),
		(63, 'Nuno Vieira', '974567890', '1990-03-25', 21000003, 'Avenida Visconde Guedes Teixeira', 'Lamego', 63, 'No Ativo', 21),
		(64, 'Paula Santos', '975678901', '1983-04-30', 22000001, 'Rua dos Arcos', 'Tomar', 64, 'No Ativo', 22),
		(65, 'Fernando Mendes', '976789012', '1987-05-10', 22000002, 'Rua de Coimbra', 'Tomar', 65, 'No Ativo', 22),
		(66, 'Cátia Ferreira', '977890123', '1992-06-15', 22000003, 'Largo do Pelourinho', 'Tomar', 66, 'No Ativo', 22),
		(67, 'Bruno Correia', '978901234', '1984-07-20', 23000001, 'Rua de Leiria', 'Torres Vedras', 67, 'No Ativo', 23),
		(68, 'Liliana Reis', '979012345', '1988-08-25', 23000002, 'Rua da Estação', 'Torres Vedras', 68, 'No Ativo', 23),
		(69, 'Rui Sousa', '980123456', '1993-09-30', 23000003, 'Praça 25 de Abril', 'Torres Vedras', 69, 'No Ativo', 23),
		(70, 'Duarte Fonseca', '981234567', '1985-10-05', 24000001, 'Rua do Castelo', 'Sintra', 70, 'No Ativo', 24),
		(71, 'Vanessa Moreira', '982345678', '1989-11-10', 24000002, 'Rua da Carreira', 'Sintra', 71, 'No Ativo', 24),
		(72, 'Hugo Almeida', '983456789', '1994-12-15', 24000003, 'Largo Rainha Dona Amélia', 'Sintra', 72, 'No Ativo', 24),
		(73, 'Ana Marques', '984567890', '1981-01-15', 25000001, 'Rua das Hortênsias', 'Oeiras', 73, 'No Ativo', 25),
		(74, 'Nuno Santos', '985678901', '1985-02-20', 25000002, 'Avenida Marginal', 'Oeiras', 74, 'No Ativo', 25),
		(75, 'Lúcia Silva', '986789012', '1990-03-25', 25000003, 'Praça do Marquês', 'Oeiras', 75, 'No Ativo', 25),
		(76, 'Helena Costa', '987890123', '1983-04-30', 26000001, 'Rua das Begónias', 'Almada', 76, 'No Ativo', 26),
		(77, 'Tiago Rodrigues', '988901234', '1987-05-10', 26000002, 'Rua do Embaixador', 'Almada', 77, 'No Ativo', 26),
		(78, 'Célia Ferreira', '989012345', '1992-06-15', 26000003, 'Praça São João Batista', 'Almada', 78, 'No Ativo', 26),
		(79, 'André Fernandes', '990123456', '1984-07-20', 27000001, 'Rua das Laranjeiras', 'Barreiro', 79, 'No Ativo', 27),
		(80, 'Marisa Sousa', '991234567', '1988-08-25', 27000002, 'Rua Vasco da Gama', 'Barreiro', 80, 'No Ativo', 27),
		(81, 'Rodrigo Martins', '992345678', '1993-09-30', 27000003, 'Praça do Bocage', 'Barreiro', 81, 'No Ativo', 27)
        ;


-- Povoamento da tabela "Cliente"
INSERT INTO Cliente (idCliente, nome, telefone, cod_postal, rua, localidade, porta)
	VALUES
		(123456789, 'António Silva', '912345678', 1000001, 'Rua das Flores', 'Lisboa', 1),
		(987654321, 'Marta Ferreira', '913456789', 1000002, 'Avenida da Liberdade', 'Lisboa', 2),
		(234567890, 'Pedro Santos', '914567890', 1000003, 'Travessa do Carmo', 'Lisboa', 3),
		(345678901, 'Sofia Costa', '915678901', 1000004, 'Rua do Sol', 'Lisboa', 4),
		(456789012, 'Rui Carvalho', '916789012', 1000005, 'Avenida dos Aliados', 'Lisboa', 5),
		(567890123, 'Carla Mendes', '917890123', 1000006, 'Praça da Batalha', 'Lisboa', 6),
		(678901234, 'Luís Almeida', '918901234', 1000007, 'Rua das Amoreiras', 'Lisboa', 7),
		(789012345, 'Helena Marques', '919012345', 1000008, 'Avenida Sá da Bandeira', 'Lisboa', 8),
		(890123456, 'Bruno Lopes', '920123456', 1000009, 'Largo da Portagem', 'Lisboa', 9),
		(901234567, 'Marta Rodrigues', '921234567', 1000010, 'Rua da Saudade', 'Lisboa', 10),
		(123045678, 'Tiago Nunes', '922345678', 1000011, 'Avenida 5 de Outubro', 'Lisboa', 11),
		(234156789, 'Patrícia Gomes', '923456789', 1000012, 'Praça do Município', 'Lisboa', 12),
		(345267890, 'Rafael Matos', '924567890', 1000013, 'Rua da Alegria', 'Lisboa', 13),
		(456378901, 'Beatriz Sousa', '925678901', 1000014, 'Rua de São Vicente', 'Lisboa', 14),
		(567489012, 'Carlos Lima', '926789012', 1000015, 'Rua do Souto', 'Lisboa', 15),
		(678590123, 'Andreia Barros', '927890123', 1000016, 'Rua das Fontainhas', 'Lisboa', 16),
		(789601234, 'Fernando Costa', '928901234', 1000017, 'Rua dos Marnotos', 'Lisboa', 17),
		(890712345, 'Isabel Pinto', '929012345', 1000018, 'Praça Marquês de Pombal', 'Lisboa', 18),
		(901823456, 'Ricardo Martins', '930123456', 1000019, 'Rua de Santo António', 'Lisboa', 19),
		(123934567, 'Joana Antunes', '931234567', 1000020, 'Rua das Trinas', 'Lisboa', 20),
		(234045678, 'Diogo Oliveira', '932345678', 1000021, 'Largo do Toural', 'Lisboa', 21),
		(345156789, 'Sara Almeida', '933456789', 1000022, 'Rua dos Combatentes', 'Lisboa', 22),
		(456267890, 'Hugo Marques', '934567890', 1000023, 'Rua da Moeda', 'Lisboa', 23),
		(567378901, 'Inês Ribeiro', '935678901', 1000024, 'Praça do Giraldo', 'Lisboa', 24),
		(678489012, 'Gonçalo Teixeira', '936789012', 1000025, 'Rua das Oliveiras', 'Lisboa', 25),
		(789590123, 'Clara Silva', '937890123', 1000026, 'Rua de São Francisco', 'Lisboa', 26),
		(890601234, 'Fábio Rocha', '938901234', 1000027, 'Avenida Heróis de Angola', 'Lisboa', 27),
		(456156789, 'Patrícia Sousa', '943456789', 1000032, 'Rua Direita', 'Lisboa', 32),
		(901601234, 'Filipa Sousa', '948901234', 1000037, 'Rua de São Paulo', 'Lisboa', 37),
		(123712345, 'Henrique Dias', '949012345', 1000038, 'Rua do Aljube', 'Lisboa', 38),
		(234823456, 'Lara Martins', '950123456', 1000039, 'Largo do Colégio', 'Lisboa', 39),
		(345934567, 'José Cardoso', '951234567', 1000040, 'Rua de Santo António', 'Lisboa', 40),
		(123034567, 'Ana Silva', '912345678', 1000001, 'Rua dos Lírios', 'Porto', 1),
		(234145678, 'Bruno Sousa', '913456789', 1000002, 'Avenida da Liberdade', 'Lisboa', 2),
		(345256789, 'Carla Santos', '914567890', 1000003, 'Travessa da Esperança', 'Braga', 3),
		(456367890, 'David Costa', '915678901', 1000004, 'Rua das Oliveiras', 'Coimbra', 4),
		(567045678, 'Eva Ferreira', '916789012', 1000005, 'Rua dos Girassóis', 'Aveiro', 5),
		(567156789, 'Fábio Rodrigues', '917890123', 1000006, 'Avenida Central', 'Porto', 6),
		(567367890, 'Gisela Oliveira', '918901234', 1000007, 'Rua das Camélias', 'Faro', 7),
		(567478901, 'Hugo Martins', '919012345', 1000008, 'Praça da República', 'Braga', 8),
		(567589012, 'Inês Almeida', '920123456', 1000009, 'Rua dos Jasmins', 'Lisboa', 9),
		(567690123, 'João Pereira', '921234567', 1000010, 'Avenida dos Plátanos', 'Porto', 10),
		(567701234, 'Júlia Carvalho', '922345678', 1000011, 'Rua do Poço', 'Braga', 11),
		(567712345, 'Luís Fernandes', '923456789', 1000012, 'Travessa do Largo', 'Aveiro', 12),
		(567823456, 'Marta Neves', '924567890', 1000013, 'Avenida das Rosas', 'Porto', 13),
		(567934567, 'Nuno Ribeiro', '925678901', 1000014, 'Rua dos Cravos', 'Coimbra', 14),
		(678045678, 'Olga Silva', '926789012', 1000015, 'Rua do Castelo', 'Faro', 15),
		(678156789, 'Pedro Santos', '927890123', 1000016, 'Avenida das Águias', 'Aveiro', 16),
		(678267890, 'Rita Sousa', '928901234', 1000017, 'Travessa dos Louros', 'Braga', 17),
		(678478901, 'Sérgio Almeida', '929012345', 1000018, 'Praça dos Cedros', 'Lisboa', 18),
		(678589012, 'Tânia Rodrigues', '930123456', 1000019, 'Rua dos Loureiros', 'Porto', 19),
		(678690123, 'Vasco Martins', '931234567', 1000020, 'Avenida das Violetas', 'Coimbra', 20),
		(678701234, 'Xavier Ferreira', '932345678', 1000021, 'Rua das Orquídeas', 'Braga', 21),
		(678812345, 'Yara Oliveira', '933456789', 1000022, 'Travessa dos Crisântemos', 'Faro', 22),
		(678823456, 'Zé Pedro Carvalho', '934567890', 1000023, 'Avenida dos Pinheiros', 'Aveiro', 23),
		(678934567, 'Andreia Santos', '935678901', 1000024, 'Praça das Dálias', 'Porto', 24),
		(789045678, 'Breno Silva', '936789012', 1000025, 'Rua do Sol', 'Coimbra', 25),
		(789156789, 'Catarina Costa', '937890123', 1000026, 'Avenida da Lua', 'Braga', 26),
		(789267890, 'Daniel Oliveira', '938901234', 1000027, 'Travessa das Estrelas', 'Lisboa', 27),
		(789378901, 'Érica Rodrigues', '939012345', 1000028, 'Rua do Mar', 'Porto', 28),
		(789690123, 'Filipe Almeida', '940123456', 1000029, 'Avenida dos Ventos', 'Aveiro', 29),
		(789701234, 'Gustavo Pereira', '941234567', 1000030, 'Praça dos Oceanos', 'Faro', 30),
		(789812345, 'Helena Fernandes', '942345678', 1000031, 'Travessa das Marés', 'Coimbra', 31),
		(789923456, 'Igor Santos', '943456789', 1000032, 'Rua das Ondas', 'Braga', 32),
		(789934567, 'Joana Oliveira', '944567890', 1000033, 'Avenida dos Raios', 'Lisboa', 33),
		(890034567, 'Kátia Silva', '945678901', 1000034, 'Travessa dos Trovões', 'Porto', 34),
		(890045678, 'Leandro Sousa', '946789012', 1000035, 'Rua dos Relâmpagos', 'Aveiro', 35),
		(890156789, 'Mariana Costa', '947890123', 1000036, 'Avenida das Tempestades', 'Faro', 36),
		(890267890, 'Nádia Martins', '948901234', 1000037, 'Travessa dos Furacões', 'Coimbra', 37),
		(890378901, 'Otávio Rodrigues', '949012345', 1000038, 'Rua dos Tufões', 'Braga', 38),
		(890489012, 'Patrícia Almeida', '950123456', 1000039, 'Avenida dos Vendavais', 'Lisboa', 39),
		(890701234, 'Quim Pereira', '951234567', 1000040, 'Travessa dos Vendavais', 'Aveiro', 40),
		(890812345, 'Rosa Oliveira', '952345678', 1000041, 'Rua das Brisas', 'Faro', 41),
		(890923456, 'Sérgio Costa', '953456789', 1000042, 'Avenida das Nuvens', 'Coimbra', 42),
		(901034567, 'Teresa Santos', '954567890', 1000043, 'Travessa dos Vendavais', 'Braga', 43),
		(901145678, 'Ulisses Rodrigues', '955678901', 1000044, 'Rua das Maravilhas', 'Lisboa', 44),
		(901156789, 'Vânia Pereira', '956789012', 1000045, 'Avenida das Borboletas', 'Porto', 45),
		(901267890, 'Wagner Silva', '957890123', 1000046, 'Travessa dos Sussurros', 'Aveiro', 46),
		(901378901, 'Xana Oliveira', '958901234', 1000047, 'Rua dos Segredos', 'Faro', 47),
		(901489012, 'Yara Martins', '959012345', 1000048, 'Avenida dos Sonhos', 'Coimbra', 48),
		(901590123, 'Zé Carlos Rodrigues', '960123456', 1000049, 'Travessa dos Anjos', 'Braga', 49),
		(901812345, 'Ana Maria Sousa', '961234567', 1000050, 'Rua das Estrelas', 'Lisboa', 50),
		(901923456, 'Bruna Costa', '962345678', 1000051, 'Avenida das Galáxias', 'Porto', 51)
		;


-- Povoamento da tabela "Caso"
INSERT INTO Caso (idCaso, data_inicio, data_fim, cliente)
	VALUES
		(1, '2004-01-15', '2004-02-28', 123456789),
		(2, '2004-02-20', '2004-03-25', 987654321),
		(3, '2004-03-10', '2004-04-09', 234567890),
		(4, '2004-04-05', '2004-05-15', 345678901),
		(5, '2004-05-20', '2004-06-19', 456789012),
		(6, '2004-06-10', '2004-07-10', 567890123),
		(7, '2004-07-15', '2004-08-20', 678901234),
		(8, '2004-08-25', '2004-09-24', 789012345),
		(9, '2004-09-05', '2004-10-05', 890123456),
		(10, '2004-10-01', '2004-11-10', 901234567),
		(11, '2004-11-20', '2004-12-20', 123045678),
		(12, '2004-12-10', NULL, 234156789),
		(13, '2005-01-05', '2005-02-15', 345267890),
		(14, '2005-02-20', '2005-03-22', 456378901),
		(15, '2005-03-10', '2005-04-09', 567489012),
		(16, '2006-04-15', '2006-05-15', 678590123),
		(17, '2006-05-20', '2006-06-25', 789601234),
		(18, '2006-06-30', '2006-07-30', 890712345),
		(19, '2006-07-05', NULL, 901823456),
		(20, '2006-08-10', '2006-09-09', 123934567),
		(21, '2006-09-15', '2006-10-15', 234045678),
		(22, '2006-10-20', '2006-11-25', 345156789),
		(23, '2006-12-01', '2007-01-01', 456267890),
		(24, '2007-01-10', '2007-02-09', 567378901),
		(25, '2007-02-15', '2007-03-17', 678489012),
		(26, '2007-03-20', '2007-04-25', 789590123),
		(27, '2008-05-01', NULL, 890601234),
		(28, '2008-06-10', '2008-07-10', 901601234),
		(29, '2008-07-15', '2008-08-14', 123712345),
		(30, '2008-08-20', '2008-09-19', 234823456),
		(31, '2008-09-25', '2008-10-25', 345934567),
		(32, '2008-10-30', '2008-11-15', 987654321),
		(33, '2008-12-05', NULL, 567156789),
		(34, '2009-01-10', '2009-02-09', 678267890),
		(35, '2009-02-15', '2009-03-17', 789378901),
		(36, '2009-03-20', '2009-04-19', 890489012),
		(37, '2010-04-25', '2010-05-25', 901590123),
		(38, '2010-05-30', '2010-06-29', 345267890),
		(39, '2010-06-05', '2010-07-15', 987654321),
		(40, '2010-08-10', '2010-09-09', 987654321),
		(41, '2010-09-15', '2010-10-15', 987654321),
		(42, '2010-10-20', NULL, 567045678),
		(43, '2010-12-01', '2011-01-01', 678156789),
		(44, '2011-01-10', '2011-02-09', 789267890),
		(45, '2011-02-15', '2011-03-20', 890378901),
		(46, '2011-04-01', '2011-05-01', 901489012),
		(47, '2011-05-05', '2011-06-04', 345267890),
		(48, '2011-06-10', '2011-07-15', 987654321),
		(49, '2011-08-20', '2011-09-19', 987654321),
		(50, '2011-09-25', '2011-10-25', 987654321),
		(51, '2011-10-30', '2011-11-29', 567934567),
		(52, '2011-12-05', '2012-01-04', 678045678),
		(53, '2012-01-10', NULL, 789156789),
		(54, '2012-03-20', '2012-04-19', 890267890),
		(55, '2012-04-25', '2012-05-25', 901378901),
		(56, '2012-05-30', '2012-06-29', 234156789),
		(57, '2012-07-05', '2012-08-04', 987654321),
		(58, '2013-08-10', '2013-09-15', 987654321),
		(59, '2013-10-20', '2013-11-19', 987654321),
		(60, '2013-11-25', '2013-12-25', 567823456),
		(61, '2013-12-30', '2014-01-29', 678934567),
		(62, '2013-02-05', '2013-03-07', 789045678),
		(63, '2014-03-10', '2014-04-15', 890156789),
		(64, '2014-05-20', '2014-06-19', 901267890),
		(65, '2014-06-25', '2014-07-25', 234156789),
		(66, '2014-07-30', '2014-08-29', 987654321),
		(67, '2015-09-05', NULL, 987654321),
		(68, '2015-10-10', '2015-11-09', 678901234),
		(69, '2015-12-20', '2016-01-19', 567712345),
		(70, '2016-01-25', '2016-02-24', 678823456),
		(71, '2016-02-28', '2016-03-29', 789934567),
		(72, '2017-04-05', '2017-05-05', 890045678),
		(73, '2017-05-10', '2017-06-14', 901156789),
		(74, '2017-07-20', '2017-08-19', 987654321),
		(75, '2017-08-25', NULL, 987654321),
		(76, '2018-09-30', '2018-10-30', 987654321),
		(77, '2018-11-05', '2018-12-05', 123456789),
		(78, '2018-12-10', '2019-01-14', 567701234),
		(79, '2019-02-20', NULL, 678812345),
		(80, '2021-03-25', '2021-04-24', 789923456),
		(81, '2021-04-30', '2021-05-30', 890034567),
		(82, '2021-06-05', '2021-07-05', 901145678),
		(83, '2021-07-10', '2021-08-09', 123456789),
		(84, '2021-09-20', '2021-10-20', 987654321),
		(85, '2021-10-25', '2021-11-24', 987654321),
		(86, '2021-11-30', '2022-01-03', 123456789),
		(87, '2022-01-05', '2022-02-04', 567690123),
		(88, '2022-02-10', '2022-03-12', 678701234),
		(89, '2022-04-20', '2022-05-20', 789812345),
		(90, '2022-05-25', NULL, 890923456),
		(91, '2022-06-30', '2022-07-30', 901034567),
		(92, '2022-08-05', '2022-09-04', 123456789),
		(93, '2022-09-10', '2022-10-10', 987654321),
		(94, '2022-11-20', '2022-12-20', 987654321),
		(95, '2022-12-25', '2023-01-24', 123456789),
		(96, '2023-01-30', '2023-02-28', 567589012),
		(97, '2023-03-05', '2023-04-04', 678690123),
		(98, '2023-04-10', '2023-05-10', 789701234),
		(99, '2023-06-20', '2023-07-20', 890812345),
		(100, '2023-07-25', '2023-08-24', 901923456),
		(101, '2023-08-30', '2023-09-29', 123034567),
		(102, '2023-10-05', '2023-11-04', 234145678),
		(103, '2023-11-10', '2023-12-10', 345256789),
		(104, '2024-01-20', '2024-02-19', 456367890),
		(105, '2024-02-25', '2024-03-26', 567478901),
		(106, '2024-04-05', NULL, 678589012),
		(107, '2024-05-10', '2024-06-09', 789690123),
		(108, '2024-06-15', '2024-07-15', 890701234),
		(109, '2024-08-20', '2024-09-19', 901812345),
		(110, '2024-09-25', '2024-10-25', 456156789),
		(111, '2024-10-30', '2024-11-29', 123045678),
		(112, '2024-12-05', NULL, 987654321),
		(113, '2025-01-10', NULL, 987654321),
		(114, '2025-03-20', NULL, 567367890),
		(115, '2025-04-25', NULL, 678478901)
		;


-- Povoamento da tabela "Pagamento"
INSERT INTO Pagamento (idPagamento, valor, estado, data_pagamento, metodo, caso)
	VALUES
		(1, 1500, 'Pago', '2004-01-15', 'Numerário', 1),
		(2, 1500, 'Pago', '2004-02-20', 'Numerário', 2),
        (3, 1500, 'Pago', '2004-02-28', 'Numerário', 1),
		(4, 1500, 'Pago', '2004-03-10', 'Numerário', 3),
		(5, 1500, 'Pago', '2004-03-25', 'Numerário', 2),
        (6, 1500, 'Pago', '2004-04-05', 'Numerário', 4),
		(7, 1500, 'Pago', '2004-04-09', 'Numerário', 3),
		(8, 1500, 'Pago', '2004-05-15', 'Numerário', 4),
		(9, 1500, 'Pago', '2004-05-20', 'Numerário', 5),
        (10, 1500, 'Pago', '2004-06-10', 'Numerário', 6),
		(11, 1500, 'Pago', '2004-06-19', 'Numerário', 5),
		(12, 1500, 'Pago', '2004-07-10', 'Numerário', 6),
		(13, 1500, 'Pago', '2004-07-15', 'Numerário', 7),
		(14, 1500, 'Pago', '2004-08-20', 'Numerário', 7),
		(15, 1500, 'Pago', '2004-08-25', 'Numerário', 8),
        (16, 1500, 'Pago', '2004-09-05', 'Numerário', 9),
		(17, 1500, 'Pago', '2004-09-24', 'Numerário', 8),
        (18, 1500, 'Pago', '2004-10-01', 'Numerário', 10),
		(19, 1500, 'Pago', '2004-10-05', 'Numerário', 9),
		(20, 1500, 'Pago', '2004-11-10', 'Numerário', 10),
		(21, 1500, 'Pago', '2004-11-20', 'Numerário', 11),
        (22, 1500, 'Pago', '2004-12-10', 'Numerário', 12),
		(23, 1500, 'Pago', '2004-12-20', 'Numerário', 11),
        (24, 1500, 'Pago', '2005-01-05', 'Numerário', 13),
		(25, 1500, 'Pago', '2005-02-15', 'Numerário', 13),
		(26, 1500, 'Pago', '2005-02-20', 'Numerário', 14),
        (27, 1500, 'Pago', '2005-03-10', 'Numerário', 15),
		(28, 1500, 'Pago', '2005-03-22', 'Numerário', 14),
		(29, 1500, 'Pago', '2005-04-09', 'Numerário', 15),
		(30, 1500, 'Pago', '2006-04-15', 'Numerário', 16),
		(31, 1500, 'Pago', '2006-05-15', 'Numerário', 16),
		(32, 1500, 'Pago', '2006-05-20', 'Numerário', 17),
		(33, 1500, 'Pago', '2006-06-25', 'Numerário', 17),
		(34, 1500, 'Pago', '2006-06-30', 'Cartão', 18),
        (35, 1500, 'Pago', '2006-07-05', 'Numerário', 19),
		(36, 1500, 'Pago', '2006-07-30', 'Cartão', 18),
		(37, 1500, 'Pago', '2006-08-10', 'Transferência', 20),
		(38, 1500, 'Pago', '2006-09-09', 'Transferência', 20),
        (39, 1500, 'Pago', '2006-09-15', 'Numerário', 21),
		(40, 1500, 'Pago', '2006-10-15', 'Numerário', 21),
		(41, 1500, 'Pago', '2006-10-20', 'Cartão', 22),
		(42, 1500, 'Pago', '2006-11-25', 'Cartão', 22),
		(43, 1500, 'Pago', '2006-12-01', 'Transferência', 23),
		(44, 1500, 'Pago', '2007-01-01', 'Transferência', 23),
		(45, 1500, 'Pago', '2007-01-10', 'Numerário', 24),
		(46, 1500, 'Pago', '2007-02-09', 'Numerário', 24),
		(47, 1500, 'Pago', '2007-02-15', 'Transferência', 25),
		(48, 1500, 'Pago', '2007-03-17', 'Transferência', 25),
		(49, 1500, 'Pago', '2007-03-20', 'Numerário', 26),
		(50, 1500, 'Pago', '2007-04-25', 'Numerário', 26),
		(51, 1500, 'Pago', '2008-05-01', 'Transferência', 27),
		(52, 1500, 'Pago', '2008-06-10', 'Transferência', 28),
		(53, 1500, 'Pago', '2008-07-10', 'Transferência', 28),
		(54, 1500, 'Pago', '2008-07-15', 'Numerário', 29),
		(55, 1500, 'Pago', '2008-08-14', 'Numerário', 29),
		(56, 1500, 'Pago', '2008-08-20', 'Numerário', 30),
		(57, 1500, 'Pago', '2008-09-19', 'Numerário', 30),
		(58, 1500, 'Pago', '2008-09-25', 'Numerário', 31),
		(59, 1500, 'Pago', '2008-10-25', 'Numerário', 31),
		(60, 1500, 'Pago', '2008-10-30', 'Transferência', 32),
		(61, 1500, 'Pago', '2008-11-15', 'Transferência', 32),
		(62, 1500, 'Pago', '2008-12-05', 'Numerário', 33),
        (63, 1500, 'Pago', '2009-01-10', 'Numerário', 34),
		(64, 1500, 'Pago', '2009-02-09', 'Numerário', 34),
        (65, 1500, 'Pago', '2009-02-15', 'Transferência', 35),
		(66, 1500, 'Pago', '2009-03-17', 'Transferência', 35),
        (67, 1500, 'Pago', '2009-03-20', 'Numerário', 36),
		(68, 1500, 'Pago', '2009-04-19', 'Numerário', 36),
		(69, 1500, 'Pago', '2010-04-25', 'Transferência', 37),
        (70, 1500, 'Pago', '2010-05-25', 'Transferência', 37),
        (71, 1500, 'Pago', '2010-05-30', 'Cartão', 38),
        (72, 1500, 'Pago', '2010-06-05', 'Numerário', 39),
		(73, 1500, 'Pago', '2010-06-29', 'Cartão', 38),
		(74, 1500, 'Pago', '2010-07-15', 'Numerário', 39),
		(75, 1500, 'Pago', '2010-08-10', 'Numerário', 40),
        (76, 1500, 'Pago', '2010-09-09', 'Numerário', 40),
		(77, 1500, 'Pago', '2010-09-15', 'Transferência', 41),
        (78, 1500, 'Pago', '2010-10-15', 'Transferência', 41),
		(79, 1500, 'Pago', '2010-10-20', 'Transferência', 42),
		(80, 1500, 'Pago', '2010-12-01', 'Numerário', 43),
        (81, 1500, 'Pago', '2011-01-01', 'Numerário', 43),
		(82, 1500, 'Pago', '2011-01-10', 'Numerário', 44),
        (83, 1500, 'Pago', '2011-02-09', 'Numerário', 44),
		(84, 1500, 'Pago', '2011-02-15', 'Transferência', 45),
        (85, 1500, 'Pago', '2011-03-20', 'Transferência', 45),
		(86, 1500, 'Pago', '2011-04-01', 'Cartão', 46),
        (87, 1500, 'Pago', '2011-05-01', 'Cartão', 46),
        (88, 1500, 'Pago', '2011-05-05', 'Numerário', 47),
		(89, 1500, 'Pago', '2011-06-04', 'Numerário', 47),
		(90, 1500, 'Pago', '2011-06-10', 'Numerário', 48),
        (91, 1500, 'Pago', '2011-07-15', 'Numerário', 48),
		(92, 1500, 'Pago', '2011-08-20', 'Cartão', 49),
        (93, 1500, 'Pago', '2011-09-19', 'Cartão', 49),
		(94, 1500, 'Pago', '2011-09-25', 'Numerário', 50),
		(95, 1500, 'Pago', '2011-10-25', 'Numerário', 50),
		(96, 1500, 'Pago', '2011-10-30', 'Cartão', 51),
		(97, 1500, 'Pago', '2011-11-29', 'Cartão', 51),
		(98, 1500, 'Pago', '2011-12-05', 'Numerário', 52),
        (99, 1500, 'Pago', '2012-01-04', 'Numerário', 52),
        (100, 1500, 'Pago', '2012-01-10', 'Cartão', 53),
		(101, 1500, 'Pago', '2012-03-20', 'Transferência', 54),
		(102, 1500, 'Pago', '2012-04-19', 'Transferência', 54),
		(103, 1500, 'Pago', '2012-04-25', 'Cartão', 55),
		(104, 1500, 'Pago', '2012-05-25', 'Cartão', 55),
		(105, 1500, 'Pago', '2012-05-30', 'Numerário', 56),
		(106, 1500, 'Pago', '2012-06-29', 'Numerário', 56),
		(107, 1500, 'Pago', '2012-07-05', 'Cartão', 57),
		(108, 1500, 'Pago', '2012-08-04', 'Cartão', 57),
		(109, 1500, 'Pago', '2013-08-10', 'Numerário', 58),
		(110, 1500, 'Pago', '2013-09-15', 'Numerário', 58),
		(111, 1500, 'Pago', '2013-10-20', 'Transferência', 59),
		(112, 1500, 'Pago', '2013-11-19', 'Transferência', 59),
		(113, 1500, 'Pago', '2013-11-25', 'Numerário', 60),
		(114, 1500, 'Pago', '2013-12-25', 'Numerário', 60),
        (115, 1500, 'Pago', '2013-12-30', 'Transferência', 61),
        (116, 1500, 'Pago', '2014-01-29', 'Transferência', 61),
		(117, 1500, 'Pago', '2013-02-05', 'Numerário', 62),
		(118, 1500, 'Pago', '2013-03-07', 'Numerário', 62),
		(119, 1500, 'Pago', '2014-03-10', 'Transferência', 63),
		(120, 1500, 'Pago', '2014-04-15', 'Transferência', 63),
		(121, 1500, 'Pago', '2014-05-20', 'Numerário', 64),
		(122, 1500, 'Pago', '2014-06-19', 'Numerário', 64),
		(123, 1500, 'Pago', '2014-06-25', 'Transferência', 65),
		(124, 1500, 'Pago', '2014-07-25', 'Transferência', 65),
		(125, 1500, 'Pago', '2014-07-30', 'Numerário', 66),
		(126, 1500, 'Pago', '2014-08-29', 'Numerário', 66),
		(127, 1500, 'Pago', '2015-09-05', 'Numerário', 67),
		(128, 1500, 'Pago', '2015-10-10', 'Transferência', 68),
		(129, 1500, 'Pago', '2015-11-09', 'Transferência', 68),
		(130, 1500, 'Pago', '2015-12-20', 'Numerário', 69),
		(131, 1500, 'Pago', '2016-01-19', 'Numerário', 69),
		(132, 1500, 'Pago', '2016-01-25', 'Transferência', 70),
		(133, 1500, 'Pago', '2016-02-24', 'Transferência', 70),
		(134, 1500, 'Pago', '2016-02-28', 'Numerário', 71),
		(135, 1500, 'Pago', '2016-03-29', 'Numerário', 71),
		(136, 1500, 'Pago', '2017-04-05', 'Numerário', 72),
		(137, 1500, 'Pago', '2017-05-05', 'Numerário', 72),
		(138, 1500, 'Pago', '2017-05-10', 'Transferência', 73),
		(139, 1500, 'Pago', '2017-06-14', 'Transferência', 73),
		(140, 1500, 'Pago', '2017-07-20', 'Numerário', 74),
		(141, 1500, 'Pago', '2017-08-19', 'Numerário', 74),
		(142, 1500, 'Pago', '2017-08-25', 'Transferência', 75),
		(143, 1500, 'Pago', '2018-09-30', 'Numerário', 76),
		(144, 1500, 'Pago', '2018-10-30', 'Numerário', 76),
		(145, 1500, 'Pago', '2018-11-05', 'Transferência', 77),
		(146, 1500, 'Pago', '2018-12-05', 'Transferência', 77),
		(147, 1500, 'Pago', '2018-12-10', 'MBWay', 78),
		(148, 1500, 'Pago', '2019-01-14', 'MBWay', 78),
        (149, 1500, 'Pago', '2019-02-20', 'Cartão', 79),
		(150, 1500, 'Pago', '2021-03-25', 'Cartão', 80),
		(151, 1500, 'Pago', '2021-04-24', 'Cartão', 80),
		(152, 1500, 'Pago', '2021-04-30', 'Numerário', 81),
		(153, 1500, 'Pago', '2021-05-30', 'Numerário', 81),
		(154, 1500, 'Pago', '2021-06-05', 'MBWay', 82),
		(155, 1500, 'Pago', '2021-07-05', 'MBWay', 82),
		(156, 1500, 'Pago', '2021-07-10', 'Numerário', 83),
		(157, 1500, 'Pago', '2021-08-09', 'Numerário', 83),
		(158, 1500, 'Pago', '2021-09-20', 'MBWay', 84),
		(159, 1500, 'Pago', '2021-10-20', 'MBWay', 84),
		(160, 1500, 'Pago', '2021-10-25', 'Numerário', 85),
		(161, 1500, 'Pago', '2021-11-24', 'Numerário', 85),
		(162, 1500, 'Pago', '2021-11-30', 'MBWay', 86),
		(163, 1500, 'Pago', '2022-01-03', 'MBWay', 86),
		(164, 1500, 'Pago', '2022-01-05', 'Numerário', 87),
		(165, 1500, 'Pago', '2022-02-04', 'Numerário', 87),
		(166, 1500, 'Pago', '2022-02-10', 'MBWay', 88),
		(167, 1500, 'Pago', '2022-03-12', 'MBWay', 88),
		(168, 1500, 'Pago', '2022-04-20', 'Transferência', 89),
		(169, 1500, 'Pago', '2022-05-20', 'Transferência', 89),
		(170, 1500, 'Pago', '2022-05-25', 'Numerário', 90),
		(171, 1500, 'Pago', '2022-06-30', 'MBWay', 91),
		(172, 1500, 'Pago', '2022-07-30', 'MBWay', 91),
		(173, 1500, 'Pago', '2022-08-05', 'Cartão', 92),
		(174, 1500, 'Pago', '2022-09-04', 'Cartão', 92),
		(175, 1500, 'Pago', '2022-09-10', 'MBWay', 93),
		(176, 1500, 'Pago', '2022-10-10', 'MBWay', 93),
		(177, 1500, 'Pago', '2022-11-20', 'Numerário', 94),
		(178, 1500, 'Pago', '2022-12-20', 'Numerário', 94),
		(179, 1500, 'Pago', '2022-12-25', 'MBWay', 95),
		(180, 1500, 'Pago', '2023-01-24', 'MBWay', 95),
		(181, 1500, 'Pago', '2023-01-30', 'Cartão', 96),
		(182, 1500, 'Pago', '2023-02-28', 'Cartão', 96),
		(183, 1500, 'Pago', '2023-03-05', 'MBWay', 97),
		(184, 1500, 'Pago', '2023-04-04', 'MBWay', 97),
		(185, 1500, 'Pago', '2023-04-10', 'Cartão', 98),
		(186, 1500, 'Pago', '2023-05-10', 'Cartão', 98),
		(187, 1500, 'Pago', '2023-06-20', 'MBWay', 99),
		(188, 1500, 'Pago', '2023-07-20', 'MBWay', 99),
		(189, 1500, 'Pago', '2023-07-25', 'Numerário', 100),
		(190, 1500, 'Pago', '2023-08-24', 'Numerário', 100),
		(191, 1500, 'Pago', '2023-08-30', 'MBWay', 101),
		(192, 1500, 'Pago', '2023-09-29', 'MBWay', 101),
		(193, 1500, 'Pago', '2023-10-05', 'Cartão', 102),
		(194, 1500, 'Pago', '2023-11-04', 'Cartão', 102),
		(195, 1500, 'Pago', '2023-11-10', 'Numerário', 103),
		(196, 1500, 'Pago', '2023-12-10', 'Numerário', 103),
		(197, 1500, 'Pago', '2024-01-20', 'MBWay', 104),
		(198, 1500, 'Pago', '2024-02-19', 'MBWay', 104),
		(199, 1500, 'Pago', '2024-02-25', 'Numerário', 105),
		(200, 1500, 'Pago', '2024-03-26', 'Numerário', 105),
		(201, 1500, 'Pago', '2024-04-05', 'MBWay', 106),
		(202, 1500, 'Pago', '2024-05-10', 'MBWay', 107),
		(203, 1500, 'Pago', '2024-06-09', 'MBWay', 107),
		(204, 1500, 'Pago', '2024-06-15', 'MBWay', 108),
		(205, 1500, 'Pago', '2024-07-15', 'MBWay', 108),
		(206, 1500, 'Pago', '2024-08-20', 'MBWay', 109),
		(207, 1500, 'Pago', '2024-09-19', 'MBWay', 109),
		(208, 1500, 'Pago', '2024-09-25', 'MBWay', 110),
		(209, 1500, 'Pago', '2024-10-25', 'MBWay', 110),
		(210, 1500, 'Pago', '2024-10-30', 'MBWay', 111),
		(211, 1500, 'Pago', '2024-11-29', 'MBWay', 111),
		(212, 1500, 'Pago', '2024-12-05', 'MBWay', 112),
		(213, 1500, 'Pago', '2025-01-10', 'MBWay', 113),
		(214, 1500, 'Pago', '2025-03-20', 'MBWay', 114),
		(215, 1500, 'Pago', '2025-04-25', 'MBWay', 115)
        ;


-- Povoamento da tabela "Caso_por_Detetive"
INSERT INTO Caso_por_Detetive (detetive, caso) 
	VALUES
		(1, 1), 
        (2, 2), 
        (3, 3), 
        (4, 4), 
        (5, 5), 
        (6, 6), 
        (7, 7), 
        (8, 8), 
        (9, 9), 
        (10, 10),
		(11, 11), 
        (12, 12), 
        (13, 13), 
        (14, 14), 
        (15, 15), 
        (16, 16), 
        (17, 17), 
        (18, 18),
        (19, 19), 
        (20, 20),
		(21, 21), 
        (22, 22), 
        (23, 23), 
        (24, 24), 
        (25, 25), 
        (26, 26), 
        (27, 27), 
        (28, 28), 
        (29, 29), 
        (30, 30),
		(31, 31), 
        (32, 32), 
        (33, 33), 
        (34, 34), 
        (35, 35), 
        (36, 36), 
        (37, 37), 
        (38, 38), 
        (39, 39), 
        (40, 40),
		(41, 41), 
        (42, 42), 
        (43, 43), 
        (44, 44), 
        (45, 45), 
        (46, 46), 
        (47, 47), 
        (48, 48), 
        (49, 49), 
        (50, 50),
		(51, 51), 
        (52, 52), 
        (53, 53), 
        (54, 54), 
        (55, 55), 
        (56, 56), 
        (57, 57), 
        (58, 58), 
        (59, 59), 
        (60, 60),
		(61, 61), 
        (62, 62), 
        (63, 63), 
        (64, 64), 
        (65, 65), 
        (66, 66), 
        (67, 67), 
        (68, 68), 
        (69, 69), 
        (70, 70),
		(71, 71), 
        (72, 72), 
        (73, 73), 
        (74, 74), 
        (75, 75), 
        (76, 76), 
        (77, 77), 
        (78, 78), 
        (79, 79), 
        (80, 80),
		(81, 81), 
        (1, 82), 
        (2, 83), 
        (3, 84), 
        (4, 85), 
        (5, 86), 
        (6, 87), 
        (7, 88), 
        (8, 89), 
        (9, 90), 
        (10, 91),
		(11, 92),
        (12, 93),
        (13, 94),
        (14, 95),
        (15, 96),
        (16, 97),
        (17, 98),
        (18, 99),
        (19, 100), 
        (20, 101),
		(21, 102),
        (22, 103),
        (23, 104),
        (24, 105),
        (25, 106),
        (26, 107),
        (27, 108),
        (28, 109),
        (29, 110),
        (30, 111),
		(31, 112),
        (32, 113),
        (33, 114),
        (34, 115),
		(35, 1), 
        (36, 2), 
        (37, 3), 
        (38, 4), 
        (39, 5), 
        (40, 6), 
        (41, 7), 
        (42, 8), 
        (43, 9), 
        (44, 10),
		(45, 11), 
        (46, 12), 
        (47, 13), 
        (48, 14), 
        (49, 15), 
        (50, 16), 
        (51, 17), 
        (52, 18), 
        (53, 19), 
        (54, 20),
		(55, 21), 
        (56, 22), 
        (57, 23), 
        (58, 24), 
        (59, 25), 
        (60, 26), 
        (61, 27), 
        (62, 28), 
        (63, 29), 
        (64, 30),
		(65, 31), 
        (66, 32), 
        (67, 33), 
        (68, 34), 
        (69, 35), 
        (70, 36), 
        (71, 37), 
        (72, 38), 
        (73, 39), 
        (74, 40),
		(75, 41), 
        (76, 42), 
        (77, 43), 
        (78, 44), 
        (79, 45), 
        (80, 46), 
        (81, 47), 
        (1, 48), 
        (2, 49),
        (3, 50),
		(4, 51),
        (5, 52),
        (6, 53),
        (7, 54),
        (8, 55),
        (9, 56),
        (10, 57),
        (11, 58), 
        (12, 59), 
        (13, 60),
		(14, 61),
        (15, 62), 
        (16, 63), 
        (17, 64), 
        (18, 65), 
        (19, 66), 
        (20, 67), 
        (21, 68), 
        (22, 69), 
        (23, 70),
		(24, 71),
        (25, 72), 
        (26, 73), 
        (27, 74), 
        (28, 75), 
        (29, 76), 
        (30, 77), 
        (31, 78), 
        (32, 79), 
        (33, 80),
		(34, 81)
        ;

